filename,time,day
1,11:14:32,25-03-2026
2,11:24:06,25-03-2026
3,11:24:35,25-03-2026
4,11:29:07,25-03-2026
5,11:30:41,25-03-2026
6,11:41:16,29-03-2026
7,13:55:23,29-03-2026
8,15:29:52,29-03-2026
9,17:43:25,29-03-2026
10,17:46:08,29-03-2026
11,17:48:31,29-03-2026
12,18:07:42,29-03-2026
13,18:08:27,29-03-2026
14,18:09:52,29-03-2026
15,19:03:09,29-03-2026
16,19:04:59,29-03-2026
17,19:05:13,29-03-2026
18,19:06:40,29-03-2026
19,19:08:11,29-03-2026
20,19:09:14,29-03-2026
21,19:10:21,29-03-2026
22,19:10:38,29-03-2026
23,19:11:07,29-03-2026
24,19:11:35,29-03-2026
25,19:13:45,29-03-2026
26,19:53:38,29-03-2026
27,19:55:39,29-03-2026
28,19:56:13,29-03-2026
29,20:03:20,29-03-2026
30,20:05:39,29-03-2026
31,20:08:26,29-03-2026
